Local;Local sem codigo;Endereço;Latitude;Longitude
1031 - EEEM SANTA MARIA DE BELÉM;EEEM SANTA MARIA DE BELÉM;Rua Dos Mundurucus, Entre Apinages E, Tv. Padre Eutíquio, 1624 - Batista Campos, Belém - PA, 66025-660;-1.461657;-48.490021
1023 - COLÉGIO IDEAL;COLÉGIO IDEAL;R. dos Mundurucus, 1412 - Batista Campos, Belém - PA, 66025-660;-1.462735;-48.491071
1040 - COLÉGIO SANTA ROSA;COLÉGIO SANTA ROSA;Tv. Padre Eutíquio, 1549 - Batista Campos, Belém - PA, 66025-230;-1.459866;-48.491250
1074 - EEEF JOSÉ VERÍSSIMO;EEEF JOSÉ VERÍSSIMO;Rua Presidente Pernambuco, 573, Esq, Av. Conselheiro Furtado, 573 - Batista Campos, Belém - PA, 66015-200;-1.459038;-48.490631
1066 - EEEF AMAZONAS DE FIGUEIREDO;EEEF AMAZONAS DE FIGUEIREDO;Próximo à esquina com Travessa Padre Eutíquio, R. dos Timbiras, S/N - Batista Campos, Belém - PA, 66033-442;-1.463508;-48.486356
1112 - ASSEMBLEIA PARAENSE - SEDE SOCIAL;ASSEMBLEIA PARAENSE - SEDE SOCIAL;Av. Pres. Vargas, 762 - Campina, Belém - PA, 66017-902;-1.452892;-48.494950
1120 - EEEM PAES DE CARVALHO;EEEM PAES DE CARVALHO;Praca Saldanha Marinho, R. Praça da Bandeira, 10 - Campina, Belém - PA, 66015-050;-1.453976;-48.499615
1511 - INSTITUTO DE EDUCAÇÃO DO ESTADO DO PARÁ;INSTITUTO DE EDUCAÇÃO DO ESTADO DO PARÁ;Tv Gama Abreu esquina com, Av. Serzedelo Corrêa, 224 - Campina, Belém - PA, 66033-265;-1.454363;-48.493025
1147 - COLÉGIO SALESIANO NOSSA SENHORA DO CARMO;COLÉGIO SALESIANO NOSSA SENHORA DO CARMO;Tv. Dom Bôsco, 72 - Cidade Velha, Belém - PA, 66020-210;-1.458564;-48.505515
1155 - EEEF CALDEIRA CASTELO BRANCO;EEEF CALDEIRA CASTELO BRANCO;Travessa De Breves, Idreja Da Conceicao, 215 - Cidade Velha, Belém - PA, 66020-100;-1.465575;-48.500480
1163 - EEEFM GENERAL GURJÃO;EEEFM GENERAL GURJÃO;Rua Triunvirato, Entre 16 De Novembro E, R. Ângelo Custódio, 662 - Cidade Velha, Belém - PA, 66020-655;-1.461933;-48.498736
1171 - EEEFM RUI BARBOSA;EEEFM RUI BARBOSA;Tv. Joaquim Távora, 408 - Cidade Velha, Belém - PA, 66023-730;-1.457716;-48.502822
1180 - EEEFM DAVID SALOMÃO MUFARREJ;EEEFM DAVID SALOMÃO MUFARREJ;Av. Alm. Tamandaré, 256 - Cidade Velha, Belém - PA, 66023-300;-1.460951;-48.501961
1201 - COLÉGIO SANTO ANTONIO;COLÉGIO SANTO ANTONIO;Av. Assis de Vasconcelos, S/N - Campina, Belém - PA, 66010-010;-1.448704;-48.496950
1791 - UNIDADE ESTADUAL ESPECIALIZADA JOSÉ ÁLVARES DE AZEVEDO;UNIDADE ESTADUAL ESPECIALIZADA JOSÉ ÁLVARES DE AZEVEDO;R. Pres. Pernambuco, 497 - Batista Campos, Belém - PA, 66015-200;-1.458705;-48.491006
1910 - SUBSAR - ASS DOS SARGENTOS E SUBTENENTES DA AMAZÔNIA;SUBSAR - ASS DOS SARGENTOS E SUBTENENTES DA AMAZÔNIA;Praça Amazonas, 1089 - Batista Campos, Belém - PA, 66025-070;-1.462538;-48.495807
1929 - EEEFM PROF CAMILO SALGADO;EEEFM PROF CAMILO SALGADO;Av. Roberto Camelier, 823 - Jurunas, Belém - PA, 66025-455;-1.467303;-48.488848
1937 - ERCEIF SÃO PIO X;ERCEIF SÃO PIO X;R. dos Timbiras, 1060 - Jurunas, Belém - PA, 66033-800;-1.467482;-48.489551
1945 - EEEFM ARTUR PORTO;EEEFM ARTUR PORTO;R. Eng. Fernando Guilhon - Jurunas, Belém - PA, 66030-250;-1.472301;-48.491602
1953 - EEEF GONÇALO DUARTE;EEEF GONÇALO DUARTE;R. Eng. Fernando Guilhon, 151 - Jurunas, Belém - PA, 66050-250;-1.474731;-48.493582
1961 - EEEF MARIA LUIZA VELLA ALVES;EEEF MARIA LUIZA VELLA ALVES;Passagem Jacob - Jurunas, Belém - PA, 66030-290;-1.474098;-48.491053
1970 - EEEF PLACÍDIA CARDOSO;EEEF PLACÍDIA CARDOSO;R. dos Tamoios, 602 - Jurunas, Belém - PA, 66025-125;-1.468132;-48.497173
1988 - IMPERIAL ESPORTE CLUBE;IMPERIAL ESPORTE CLUBE;R. Eng. Fernando Guilhon, 858 - Cremação, Belém - PA, 66045-205;-1.470035;-48.489331
1996 - RANCHO NAO POSSO ME AMOFINÁ;RANCHO NAO POSSO ME AMOFINÁ;Tv. Honório José dos Santos, 758 - Jurunas, Belém - PA, 66033-343;-1.468532;-48.490241
2003 - UNIVERSIDADE MAURÍCIO DE NASSAU - ANTIGO COLÉGIO OPÇÃO;UNIVERSIDADE MAURÍCIO DE NASSAU - ANTIGO COLÉGIO OPÇÃO;Av. Gov Magalhães Barata, 1808 - São Brás, Belém - PA, 66060-281;-1.451930;-48.477792
2011 - EMEIF HONORATO FILGUEIRAS;EMEIF HONORATO FILGUEIRAS;Tv. de Breves, 660 - Jurunas, Belém - PA, 66025-220;-1.466610;-48.499423
2020 - EEEF MARLUCE PACHECO FERREIRA;EEEF MARLUCE PACHECO FERREIRA;Jurunas, Belém - PA, 66025-214;-1.476204;-48.493187
2038 - EEEFM PADRE BENEDITO CHAVES;EEEFM PADRE BENEDITO CHAVES;R. dos Mundurucus, 760 - Jurunas, Belém - PA, 66023-040;-1.468128;-48.495299
2046 - SALÃO PAROQUIAL DA IGREJA DE SANTA LUZIA;SALÃO PAROQUIAL DA IGREJA DE SANTA LUZIA;R. dos Pariquis 182 (Entre Tv de Breves e Av. B. Sayão) - Jurunas, Belém - PA;-1.471907;-48.496554
2054 - CENTRO EDUCACIONAL ESPAÇO FELIZ;CENTRO EDUCACIONAL ESPAÇO FELIZ;Tv. de Breves, 794 - Jurunas, Belém - PA, 66025-220;-1.467540;-48.498262
1015 - EEEFM AUGUSTO MONTENEGRO;EEEFM AUGUSTO MONTENEGRO;Tv. Magno De Araujo, 36 - Telégrafo, Belém - PA, 66113-055;-1.429767;-48.487600
1023 - EEEFM  VERA SIMPLICIO;EEEFM  VERA SIMPLICIO;R. do Úna, S/N - Telégrafo, Belém - PA, 66645-745;-1.431389;-48.488876
1031 - ESCOLA TÉCNICA ESTADUAL DO PARÁ;ESCOLA TÉCNICA ESTADUAL DO PARÁ;R. Municipalidade, Sn - Telégrafo, Belém - PA, 66050-240;-1.432352;-48.487063
1902 - EEEM MAGALHÃES BARATA;EEEM MAGALHÃES BARATA;Tv. José Pio, 322 - Umarizal, Belém - PA, 66050-350;-1.432636;-48.488458
1040 - EERCF SANTO AFONSO;EERCF SANTO AFONSO;Ao Lado Da Igreja Do Perpetuo Socorro - Rod. Arthur Bernardes, 459 - Telégrafo, Belém - PA, 66115-000;-1.424699;-48.489580
1058 - CENTRO DE CIÊNCIAS SOCIAIS DE EDUCAÇÃO DA UEPA - CAMPUS I;CENTRO DE CIÊNCIAS SOCIAIS DE EDUCAÇÃO DA UEPA - CAMPUS I;Tv. Djalma Dutra, s/n - Telégrafo, Belém - PA, 66050-540;-1.431184;-48.487782
1066 - EMEIF PROF JOÃO NELSON RIBEIRO;EMEIF PROF JOÃO NELSON RIBEIRO;Telégrafo, Belém - PA, 66645-745;-1.424311;-48.485653
1090 - ANATEL - AGÊNCIA NACIONAL DE TELECOMUNICAÇÕES;ANATEL - AGÊNCIA NACIONAL DE TELECOMUNICAÇÕES;Tv. Rosa Moreira, 476 - Telégrafo, Belém - PA, 66113-110;-1.427206;-48.485163
1120 - EEEFM JOSÉ ALVES MAIA;EEEFM JOSÉ ALVES MAIA;Av. Sen. Lemos - Telégrafo, Belém - PA, 66113-000;-1.425429;-48.484156
1198 - EMEF MARIA LUIZA PINTO DO AMARAL;EMEF MARIA LUIZA PINTO DO AMARAL;Passagem Mucajá, s/n - Sacramenta, Belém - PA, 68447-000;-1.413321;-48.467127
1201 - EEEF ROSALINA  ÁLVARES DA S. CRUZ;EEEF ROSALINA  ÁLVARES DA S. CRUZ;Av. Sen. Lemos, 3430 - Sacramenta, Belém - PA, 66113-003;-1.415984;-48.476156
1880 - COLÉGIO NOSSA SENHORA DO PERPÉTUO SOCORRO;COLÉGIO NOSSA SENHORA DO PERPÉTUO SOCORRO;Av. Sen. Lemos, 3316 - Sacramenta, Belém - PA, 66120-000;-1.416492;-48.477624
1228 - EEEIFM SANTA LUZIA;EEEIFM SANTA LUZIA;Trav Perebebui, Av. Sen. Lemos, 492 - Sacramenta, Belém - PA, 66083-661;-1.416422;-48.473375
1252 - ERCEF INSTITUTO CATARINA LABOURÉ;ERCEF INSTITUTO CATARINA LABOURÉ;Av. Sen. Lemos, 3864 - Sacramenta, Belém - PA, 66120-000;-1.415333;-48.473529
1279 - EEEFM PROF ACY DE JESUS NEVES BARROS PEREIRA;EEEFM PROF ACY DE JESUS NEVES BARROS PEREIRA;Passagem Mucajá, 245 - Sacramenta, Belém - PA, 66120-080;-1.411970;-48.468676
1287 - EEEF MÁRIO CARNEIRO;EEEF MÁRIO CARNEIRO;Av. Sen. Lemos, 3601 - Sacramenta, Belém - PA, 66120-000;-1.415643;-48.475106
1856 - EEEIF PROFA ESTHER BANDEIRA GOMES;EEEIF PROFA ESTHER BANDEIRA GOMES;Rua Claudio Bordallo, Esq, R. Teodoro Palmeira, Sn - Sacramenta, Belém - PA, 66123-130;-1.407413;-48.470168
1864 - EMEF PROFA. INÊS DE MENDONÇA MAROJA;EMEF PROFA. INÊS DE MENDONÇA MAROJA;Passagem Nossa Sra. Guia, 795 - Barreiro, Belém - PA, 66117-210;-1.416443;-48.487988
1872 - EMEF COMANDANTE KLAUTAU;EMEF COMANDANTE KLAUTAU;Passagem São Benedito - Sacramenta, Belém - PA, 66117-110;-1.409943;-48.483790
1910 - EEEFM PROF. ANTONIO GOMES MOREIRA JUNIOR;EEEFM PROF. ANTONIO GOMES MOREIRA JUNIOR;R. We-7, 16 - Maracangalha, Belém - PA, 66110-485;-1.405435;-48.482194
1929 - EEEFM JONATHAS PONTES ATHIAS;EEEFM JONATHAS PONTES ATHIAS;R. Vinte e Seis A, 72 - Maracangalha, Belém - PA, 66110-074;-1.399477;-48.482428
1937 - EEEFM PROF RENATO PINHEIRO CONDURU;EEEFM PROF RENATO PINHEIRO CONDURU;R. Vinte e Dois, Quadra 75 - Maracangalha, Belém - PA, 66115;-1.399439;-48.482472
1945 - EEEFM RUY PARATININGA BARATA;EEEFM RUY PARATININGA BARATA;Maracangalha, Belém - PA, 66110-031;-1.407154;-48.482413
1090 - EMEF AMÁLIA PAUNGARTTEN;EMEF AMÁLIA PAUNGARTTEN;494, Passagem Santa Rosa, 400 - Guamá, Belém - PA, 66075-530;-1.473291;-48.467332
1597 - EEEF PAULO MARANHÃO;EEEF PAULO MARANHÃO;Av. José Bonifácio, 1301 - Guamá, Belém - PA, 66063-075;-1.458053;-48.468809
1341 - EEEFM PROFA RUTH R. GONZALEZ;EEEFM PROFA RUTH R. GONZALEZ;R. Paes de Souza - Guamá, Belém - PA, 66060-460;-1.462283;-48.471578
1961 - SISTEMA DE ENSINO UNIVERSO;SISTEMA DE ENSINO UNIVERSO;R. dos Mundurucus, 4010 - Guamá, Belém - PA, 66063-495;-1.457557;-48.469850
1210 - EEEF PROFA CELINA ANGLADA;EEEF PROFA CELINA ANGLADA;Tv. Liberato de Castro, 256 - Guamá, Belém - PA, 66075-420;-1.465419;-48.463272
1791 - UNIVERSIDADE FEDERAL DO PARÁ;UNIVERSIDADE FEDERAL DO PARÁ;R. Augusto Corrêa, 01 - Guamá, Belém - PA, 66075-110;-1.475917;-48.457285
1236 - ERC ROSA GATTORNO;ERC ROSA GATTORNO;R. Augusto Corrêa, 876 - Guamá, Belém - PA, 66073-044;-1.468154;-48.458397
1244 - EEEFM ALEXANDRE ZACARIAS DE ASSUMPÇÃO;EEEFM ALEXANDRE ZACARIAS DE ASSUMPÇÃO;Rua, Tv. Barão de Mamoré, s/n - Guamá, Belém - PA, 66073-070;-1.466301;-48.466076
1252 - EMEIF FRANCISCO DA SILVA NUNES;EMEIF FRANCISCO DA SILVA NUNES;R. dos Caripunas, 3554 - Guamá, Belém - PA, 66033-442;-1.460127;-48.470865
1260 - EMEF PADRE LEANDRO PINHEIRO;EMEF PADRE LEANDRO PINHEIRO;R. Barão de Igarapé Miri, 619 - Guamá, Belém - PA, 66075-048;-1.467311;-48.463015
1279 - EEEFM SANTOS DUMONT;EEEFM SANTOS DUMONT;Alameda Intendente Cel. Antônio Pimenta Magalhães - Guamá, Belém - PA, 66073-260;-1.457759;-48.462913
1295 - ERCEIF BENTO XV;ERCEIF BENTO XV;Av. José Bonifácio, 1025 - Guamá, Belém - PA, 66063-010;-1.456724;-48.468880
1317 - EEEF FREI DANIEL DE SAMARAT;EEEF FREI DANIEL DE SAMARAT;Tv. Liberato de Castro, 573 - Guamá, Belém - PA, 66075-420;-1.467289;-48.463472
1333 - LAR FABIANO DE CRISTO (CASA DE JOSÉ);LAR FABIANO DE CRISTO (CASA DE JOSÉ);R. Barão de Igarapé Miri, 527 - Guamá, Belém - PA, 66075-000;-1.466650;-48.463703
1953 - EEEFM BARÃO DE IGARAPÉ MIRI;EEEFM BARÃO DE IGARAPÉ MIRI;Passagem Barão de Mamoré, 767 - Guamá, Belém - PA, 66075-051;-1.465769;-48.466109
1970 - ERCEIF  MONSENHOR AZEVEDO;ERCEIF  MONSENHOR AZEVEDO;Av. Alcindo Cacela, 4197 - Condor, Belém - PA, 66065-205;-1.472028;-48.475505
1988 - EEEF DONA ALZIRA TEIXEIRA DE SOUZA;EEEF DONA ALZIRA TEIXEIRA DE SOUZA;Tv. Tupinambás, 2218 - Condor, Belém - PA, 66025-686;-1.473457;-48.478747
1996 - EEEF ANTONIA PAES DA SILVA;EEEF ANTONIA PAES DA SILVA;Tv. Padre Eutíquio - Condor, Belém - PA, 66045-225;-1.467214;-48.481989
2003 - EMEIF ROTARY;EMEIF ROTARY;R. Lauro Malcher, 279 - Condor, Belém - PA, 66033-410;-1.472006;-48.478444
2011 - EMEIF SILVIO NASCIMENTO;EMEIF SILVIO NASCIMENTO;Av. Alcindo Cacela, 4146 - Condor, Belém - PA, 66065-205;-1.473389;-48.476105
2020 - EMEIF MIGUEL PERNAMBUCO FILHO;EMEIF MIGUEL PERNAMBUCO FILHO;Condor, Belém - PA, 66033-683;-1.472776;-48.482040
2038 - EMEIF NESTOR NONATO DE LIMA;EMEIF NESTOR NONATO DE LIMA;Passagem Radional II - Condor, Belém - PA, 66033-220;-1.475287;-48.483061
2046 - EEEFM EDGAR PINHEIRO PORTO;EEEFM EDGAR PINHEIRO PORTO;4172, Passagem Nove de Janeiro - Cremação, Belém - PA;-1.474344;-48.474644
2054 - EMEIF PROF. ANTONIO CARVALHO BRASIL;EMEIF PROF. ANTONIO CARVALHO BRASIL;Condor, Belém - PA, 66065-155;-1.470013;-48.476229
2062 - UNIDADE PEDAGÓGICA DO COMBU - ILHA DO COMBU;UNIDADE PEDAGÓGICA DO COMBU - ILHA DO COMBU;Outeiro, Belém - PA;-1.500336;-48.451588
2070 - UNIDADE PEDAGÓGICA SANTO ANTÔNIO - PIRIQUITAQUARA;UNIDADE PEDAGÓGICA SANTO ANTÔNIO - PIRIQUITAQUARA;Outeiro, Belém - PA;-1.270894;-48.522534
2089 - UNIDADE PEDAGÓGICA SÃO JOSÉ - ILHA GRANDE;UNIDADE PEDAGÓGICA SÃO JOSÉ - ILHA GRANDE;Outeiro, Acará - PA;-1.498284;-48.402260
2100 - ESCOLA MUNICIPAL EDSON LUIS;ESCOLA MUNICIPAL EDSON LUIS;R. Barão de Igarapé Miri, N°1400 - Guamá, Belém - PA, 66075-048;-1.467740;-48.455988
1031 - EEEFM MARIA ANTONIETA SERRA FREIRE;EEEFM MARIA ANTONIETA SERRA FREIRE;Avenida Contorno Sul - s/n, Belém - PA, 66813-300;-1.299351;-48.465434
1040 - EEETEPA PROF FCO. DAS CHAGAS RIBEIRO DE AZEVEDO - CACAU;EEETEPA PROF FCO. DAS CHAGAS RIBEIRO DE AZEVEDO - CACAU;Av, R. Monsenhor José Maria Azevedo, S/N - Campina, Belém - PA, 66813-030;-1.294643;-48.472386
1066 - EEEFM PROF PORANGA JUCÁ;EEEFM PROF PORANGA JUCÁ;CONJ. COHAB, Av. Contôrno Norte - Campina de Icoaraci, Belém - PA;-1.297061;-48.466499
1074 - EEEFM IZABEL DOS SANTOS DIAS;EEEFM IZABEL DOS SANTOS DIAS;R. Oito de Maio, 252 - Campina de Icoaraci (Icoaraci), Belém - PA, 66813-085;-1.292791;-48.470877
1163 - EEEF PROF IOLANDA LEDUC PERALTA;EEEF PROF IOLANDA LEDUC PERALTA;R. I da Campína, 263 - Campina de Icoaraci, Belém - PA, 66813-610;-1.295012;-48.474908
1171 - EMEF AVERTANO ROCHA (MUNICIPAL);EMEF AVERTANO ROCHA (MUNICIPAL);Tv. Itaboraí - Cruzeiro (Icoraci), Belém - PA, 66810-030;-1.302283;-48.483059
1236 - COLÉGIO NOSSA SENHORA DE LOURDES;COLÉGIO NOSSA SENHORA DE LOURDES;Rua Padre Júlio Maria 810 - Esquina Com a Tv S Roque - Icoaraci - Cruzeiro (Icoraci), Belém - PA;-1.300450;-48.486056
1244 - EEEFM CORONEL SARMENTO;EEEFM CORONEL SARMENTO;Proximo A Visao, 580 - R. Manoel Barata, 580 - Icoaraci, Belém - PA, 66810-100;-1.299567;-48.487640
1252 - ESCOLA LÍRIOS DO CAMPO;ESCOLA LÍRIOS DO CAMPO;Tv São Roque 1198 - Entre R 2 de Dezembro e R Sta Isabel - Icoaraci - Cruzeiro (Icoraci), Belém - PA;-1.299950;-48.478648
1295 - EMEF PROF ALFREDO CHAVES;EMEF PROF ALFREDO CHAVES;R. Dois de Dezembro - Cruzeiro (Icoraci), Belém - PA;-1.299120;-48.477849
1325 - ESCOLA MADRE CELESTE;ESCOLA MADRE CELESTE;Cruzeiro (Icoraci), Belém - PA, 66810-100;-1.300654;-48.487558
1376 - EEEF MARTA DA CONCEIÇÃO;EEEF MARTA DA CONCEIÇÃO;Outeiro, Belém - PA;-1.263739;-48.560349
1392 - ESCOLA EDUARDO MILLER;ESCOLA EDUARDO MILLER;Av. Dr. Lopo de Castro, 899 - Cruzeiro (Icoraci), Belém - PA, 66810-000;-1.298053;-48.481410
2860 - EEEF GUAJARINA DE SOUZA DA SILVA;EEEF GUAJARINA DE SOUZA DA SILVA;Av. Dr. Lopo de Castro, 1005 - Cruzeiro (Icoraci), Belém - PA, 66810-000;-1.298022;-48.480678
1414 - UNID. EDUC. INFANTIL CASA DA AMIZADE;UNID. EDUC. INFANTIL CASA DA AMIZADE;R. Padre Júlio Maria, 178 - Cruzeiro (Icoraci), Belém - PA, 66810-060;-1.294986;-48.485880
1457 - EMEF MONSENHOR JOSÉ MARIA AZEVEDO;EMEF MONSENHOR JOSÉ MARIA AZEVEDO;353, R. Beira Mar, 55 - Itaiteua, Belém - PA;-1.272454;-48.448203
1449 - EEEFM DO OUTEIRO;EEEFM DO OUTEIRO;R. Manoel Barata, 1242 - São João do Outeiro, Belém - PA, 66840-040;-1.264506;-48.463635
2879 - IGREJA PENTECOSTAL LIDERANÇA DE CRISTO;IGREJA PENTECOSTAL LIDERANÇA DE CRISTO;Tv. Itaboraí, 46 - Cruzeiro (Icoraci), Belém - PA, 66810-030;-1.302581;-48.488658
2348 - EMEIF DR LAURO CHAVES;EMEIF DR LAURO CHAVES;Baía do Sol, Belém - PA;-1.063468;-48.333611
2356 - EEEFM PROF ABELARDO LEÃO CONDURU;EEEFM PROF ABELARDO LEÃO CONDURU;Prox Ao Cemiterio - R. Lalor Mota, Sn - Carananduba (Mosqueiro), Belém - PA, 66923-060;-1.094532;-48.398599
2364 - EMEIF PROF ABEL MARTINS E SILVA;EMEIF PROF ABEL MARTINS E SILVA;R. Lalor Mota, n° 551 - Carananduba (Mosqueiro), Belém - PA, 66923-060;-1.093316;-48.405401
2402 - EMEF REMÍGIO FERNANDES;EMEF REMÍGIO FERNANDES;Tv. Maracajá, 01 - Maracajá, Belém - PA, 66911-010;-1.167608;-48.461672
2380 - EEEF PROF BRUNO DE MENEZES;EEEF PROF BRUNO DE MENEZES;Av. 16 de Novembro, 356 - São João do Outeiro (Outeiro), Belém - PA;-1.131260;-48.453363
2399 - EEEF PROF DONATILA SANTANA LOPES;EEEF PROF DONATILA SANTANA LOPES;Estrada da Bateria, 869 - Farol, Belém - PA;-1.136279;-48.460976
2410 - EMEF ANGELUS NASCIMENTO;EMEF ANGELUS NASCIMENTO;Av. 16 de Novembro, 27761-27875 - São João do Outeiro (Outeiro), Belém - PA;-1.084542;-48.367256
2429 - AGÊNCIA DISTRITAL DE MOSQUEIRO;AGÊNCIA DISTRITAL DE MOSQUEIRO;R. 15 de Novembro, 664 - Vila, Belém - PA;-1.163835;-48.468432
2437 - EEEFM HONORATO FILGUEIRAS;EEEFM HONORATO FILGUEIRAS;Trav Siqueira Mendes S/N - Mosqueiro - Vila, Belém - PA;-1.165217;-48.464033
2445 - EEEF INGLÊS DE SOUZA;EEEF INGLÊS DE SOUZA;Vila, Belém - PA;-1.161349;-48.470395
2453 - EMEF ANA BARREAU DE MININEA;EMEF ANA BARREAU DE MININEA;RUA DOUTOR JOSE MARIANO CAVALEIRO DE MACEDO, SN ARIRAMBA. ARIRAMBA - MOSQUEIRO. 66919-140 Belém - PA.;-1.124623;-48.425056
1767 - EEEF SÃO PEDRO;EEEF SÃO PEDRO;Rua Japana - Entre Jutai E Cumaru -Parac, Paracuri, Sn Icoaraci - Paracuri 1(Icoaraci), Belém - PA, 66814-190;-1.314050;-48.477658
2569 - FUNDAÇÃO ESCOLA BOSQUE DO OUTEIRO;FUNDAÇÃO ESCOLA BOSQUE DO OUTEIRO;Av. Nossa Sra. da Conceição - São João do Outeiro (Outeiro), Belém - PA, 66840-450;-1.262073;-48.467335
2550 - EMEF PROF HELDER FIALHO DIAS;EMEF PROF HELDER FIALHO DIAS;R. das Orquídeas, S/N - Brasília, Belém - PA, 66845-410;-1.279805;-48.470703
2607 - EMEIF CIRO PIMENTA;EMEIF CIRO PIMENTA;Parque Guajará, Belém - PA, 66821-590;-1.315425;-48.463412
2623 - ESCOLA MUNICIPAL AYRTON SENNA;ESCOLA MUNICIPAL AYRTON SENNA;Parque Guajará, Belém - PA, 66821-030;-1.329130;-48.454166
2666 - EMEIF PROF PEDRO DEMO;EMEIF PROF PEDRO DEMO;Praça do Estacionamento da Praia do Amor, S/N Entre Atlântica e Rua, Tv. Ipanema;-1.248863;-48.457710
2658 - UNIDADE PEDAGÓGICA FIDÉLIS;UNIDADE PEDAGÓGICA FIDÉLIS;Outeiro, Belém - PA;-1.275069;-48.432024
2712 - EEEF DR RODOLFO TOURINHO;EEEF DR RODOLFO TOURINHO;Estrada Velha Do Outeiro, Distrito De Icoaraci, Sn - Maracacuera, Belém - PA, 66813-250;-1.292715;-48.461438
2720 - EMEF DES MAROJA NETO;EMEF DES MAROJA NETO;Estr. do São Francisco, s/n - São Francisco, Belém - PA, 66915-120;-1.108925;-48.419172
2704 - EEEF PROF LUIZA DE BARROS PIRES;EEEF PROF LUIZA DE BARROS PIRES;Furo Das Marinhas - Rod. Eng. Augusto Meira Filho - Mosqueiro, Belém - PA, 66923-120;-1.170477;-48.333671
2763 - EEEF FRANKLIN DE MENEZES;EEEF FRANKLIN DE MENEZES;Rua Franklin De Menezes, Proximo, Rua Gadelha, 923 - Outeiro, Belém - PA, 66843-810;-1.263131;-48.461309
2780 - CENTRO DE RECUPERAÇÃO DE MOSQUEIRO;CENTRO DE RECUPERAÇÃO DE MOSQUEIRO;Mosqueiro, Belém - PA;-1.150804;-48.378532
2810 - EEEM PADRE EDUARDO;EEEM PADRE EDUARDO;R. Rodrigues Pinajé, 998 - Mangueiras, Belém - PA, 66916-080;-1.142637;-48.460135
2828 - EEEFM GENY GABRIEL AMARAL;EEEFM GENY GABRIEL AMARAL;Ramal Itaiteua - Park Situacao, Outeiro - Distrito De Icoaraci, S/N - Água Boa, PA, 66815-290;-1.263647;-48.447352
2895 - ESCOLA SÃO JOÃO BATISTA;ESCOLA SÃO JOÃO BATISTA;Av. Paes de Carvalho, 81-93 - Ponta Grossa (Icoaraci), Belém - PA, 66812-548;-1.301387;-48.484565
2909 - ESCOLA ESTADUAL VER. MANOEL COSTA MATOS;ESCOLA ESTADUAL VER. MANOEL COSTA MATOS;R. Cel. Juvêncio Sarmento - Paracuri 1(Icoaraci), Belém - PA, 66812-490;-1.314444;-48.480819
2917 - EMEI PROFª. RENATA SALES PENA;EMEI PROFª. RENATA SALES PENA;R. Paulo Freire - Parque Guajará, Belém - PA, 66821-590;-1.315026;-48.463676
1325 - EEEF SANTANA MARQUES;EEEF SANTANA MARQUES;Mangueirão, Belém - PA, 66640-175;-1.377275;-48.438414
1368 - EEEF PADRE ORIONE;EEEF PADRE ORIONE;R. 10 de Maio, 1-17 - Mangueirão, Belém - PA, 67113-345;-1.385139;-48.435049
3280 - ESTADIO OLIMPICO DO PARA EDGAR PROENÇA - MANGUEIRÃO;ESTADIO OLIMPICO DO PARA EDGAR PROENÇA - MANGUEIRÃO;Av. Augusto Montenegro, s/n - Km 03 - Mangueirão, Belém - PA, 66640-000;-1.381275;-48.444153
2755 - EMEIF PROF  WALTER LEITE CAMINHA;EMEIF PROF  WALTER LEITE CAMINHA;tv 290, Tv. Quatro, 72 - Mangueirão, Belém - PA, 66640-290;-1.380930;-48.458703
2925 - EE PANORAMA XXI;EE PANORAMA XXI;Passagem São Raimundo - Cabanagem, Belém - PA, 66640-255;-1.376076;-48.435885
2933 - ASSOC. DE MORADORES DO RESIDENCIAL CARMELÂNDIA;ASSOC. DE MORADORES DO RESIDENCIAL CARMELÂNDIA;72, R. Tancredo Neves, 2 - Mangueirão, Belém - PA, 66640-265;-1.381559;-48.438690
3336 - SISTEMA EDUCACIONAL FILADÉLFIA / MANGUEIRÃO;SISTEMA EDUCACIONAL FILADÉLFIA / MANGUEIRÃO;R. Ten. Bezerra, 31 - Mangueirão, Belém - PA, 66640-085;-1.380212;-48.438201
2941 - SALÃO PAROQUIAL DA IGREJA DE SANTA EDWIGES;SALÃO PAROQUIAL DA IGREJA DE SANTA EDWIGES;169, Q. Nove, 63 - Mangueirão, Belém - PA, 66640-510;-1.377800;-48.437676
2950 - CENTRO DE CIÊNCIA E PLANETÁRIO DO PARÁ - SEBASTIÃO SODRÉ DA GAMA;CENTRO DE CIÊNCIA E PLANETÁRIO DO PARÁ - SEBASTIÃO SODRÉ DA GAMA;Av. Augusto Montenegro, s/n - Km 03 - Mangueirão, Belém - PA, 66640-000;-1.383837;-48.438252
2984 - ASSOCIAÇÃO DOS MORADORES DO CONJUNTO CATALINA;ASSOCIAÇÃO DOS MORADORES DO CONJUNTO CATALINA;Mangueirão, Belém - PA, 66640-015;-1.384107;-48.458859
2992 - EEEFM RUTH DOS SANTOS ALMEIDA;EEEFM RUTH DOS SANTOS ALMEIDA;Conj. Maguari Av. Principal, Entre Alameda 16 E 17, Sn - Icoaraci, Belém - PA, 66823-060;-1.331055;-48.440836
3328 - CEEP - CENTRO DE ENSINO EMPREENDEDOR DO PARÁ;CEEP - CENTRO DE ENSINO EMPREENDEDOR DO PARÁ;293, R. Belém, 173 - Coqueiro, Belém - PA, 66823-390;-1.329052;-48.447327
3000 - EEEFM DONA HELENA GUILHON;EEEFM DONA HELENA GUILHON;Tv. We-5, S/N - Cj Satélite, Belém - PA, 66670-410;-1.343270;-48.447649
3018 - EEEF ARIRI;EEEF ARIRI;Rod. Mario Covas, Passagem Monte Sinai, 50 - Coqueiro, Belém - PA, 67010-450;-1.351480;-48.433527
3026 - EEEFM PROF. NAGIB COELHO MATNI;EEEFM PROF. NAGIB COELHO MATNI;Conj Ariri Av. Central Qd 25, Prx A Cosampa, 550 - Coqueiro, Belém - PA, 66650-520;-1.352219;-48.438751
3034 - CIAM SIDERAL;CIAM SIDERAL;Av. Central, 262-304 - Coqueiro, Belém - PA, 66650-520;-1.354048;-48.439526
3042 - CRC- CENTRO DE RECUPERAÇÃO DO COQUEIRO;CRC- CENTRO DE RECUPERAÇÃO DO COQUEIRO;R. Sn-1, 53-101 - Coqueiro, Belém - PA, 66842-320;-1.345453;-48.449024
3050 - EMEF JOÃO FARIAS DE LIMA;EMEF JOÃO FARIAS DE LIMA;Avenida Das Andorinhas, Cj Benjamim Sodre, 150 - Parque Verde, Belém - PA, 66635-240;-1.359160;-48.447457
3069 - EEEF PEDRO MARQUES DE MESQUITA;EEEF PEDRO MARQUES DE MESQUITA;R. Sideral, 101 - Quadra 01 - Parque Verde, Belém - PA, 66635-500;-1.356370;-48.445664
3077 - SISTEMA EDUCACIONAL PEQUENO PRINCIPE;SISTEMA EDUCACIONAL PEQUENO PRINCIPE;Av. Augusto Montenegro, 3649 - Km 7 - Parque Verde, Belém - PA, 66640-000;-1.359338;-48.452596
3085 - EMEIF FLORESTAN FERNANDEZ;EMEIF FLORESTAN FERNANDEZ;Passagem Srg. Getúlio, 91 - Bengui, Belém - PA, 66635-815;-1.369222;-48.455209
3093 - EEEF JARDIM SIDERAL;EEEF JARDIM SIDERAL;R. Satélite, 36/38 - Jardim Sideral, Belém - PA, 66635-510;-1.356507;-48.450813
3107 - EEEFM RAYMUNDO MARTINS VIANNA;EEEFM RAYMUNDO MARTINS VIANNA;Av. Augusto Montenegro, KM 04 - Parque Verde, Belém - PA, 66645-590;-1.367975;-48.446248
3115 - EMEIF MARIA AMORAS DE OLIVEIRA;EMEIF MARIA AMORAS DE OLIVEIRA;Rua São Pedro, 56 - Bengui, Belém - PA, 66630-130;-1.372506;-48.455293
3310 - EMEI GILVANIA MARCIA BARROS DA SILVA;EMEI GILVANIA MARCIA BARROS DA SILVA;Val de Caes, Belém - PA, 66643-105;-1.370665;-48.464561
3131 - ERC ASSOCIAÇÃO CRISTÃ DO BENGUI;ERC ASSOCIAÇÃO CRISTÃ DO BENGUI;Rua São Pedro N. 50 - Esquina Com Rua Ajax de Oliveira - Bengui, Belém - PA;-1.372975;-48.432141
3140 - EMEIF JOÃO CARLOS BATISTA;EMEIF JOÃO CARLOS BATISTA;Tv. Cristina Cardoso - Cabanagem, Belém - PA, 66625-630;-1.366685;-48.437342
3158 - EEEF JOSÉ VALENTE RIBEIRO;EEEF JOSÉ VALENTE RIBEIRO;Estr. do Benjamin, 3a - Cabanagem, Belém - PA, 66625-430;-1.366530;-48.430097
3166 - EMEIF SILVIO LEANDRO DE MORAES;EMEIF SILVIO LEANDRO DE MORAES;Rod. Mário Covas, S/n - Coqueiro, Belém - PA, 66670-000;-1.360475;-48.427194
3174 - EEEFM CRISTO REDENTOR;EEEFM CRISTO REDENTOR;Rua Dos Comerciarios 108, Rod. Coqueiro, Entre, Estr. do Benjamin, 108 - Coqueiro, Belém - PA, 67115-000;-1.364940;-48.428923
3182 - EEEFM CIDADE DE EMAÚS;EEEFM CIDADE DE EMAÚS;902, R. São Clemente, 802 - Bengui, Belém - PA;-1.371904;-48.463620
3190 - EMEIF AUGUSTO MEIRA FILHO;EMEIF AUGUSTO MEIRA FILHO;R. Lameira Bittencourt, s/n - Bengui, Belém - PA, 66630-010;-1.376805;-48.453010
3204 - EEEFM  MARIA LUIZA DA COSTA REGO;EEEFM  MARIA LUIZA DA COSTA REGO;R. Lameira Bittencourt, Sn - Bengui, Belém - PA, 66630-010;-1.376803;-48.453110
3212 - EEEF MARILDA NUNES;EEEF MARILDA NUNES;Passagem Maciel, Ao Lado Do Centro De Saude, Sn - Bengui, Belém - PA, 66630-140;-1.374380;-48.451276
3220 - EEEF CARLOS DRUMMOND DE ANDRADE;EEEF CARLOS DRUMMOND DE ANDRADE;R. São Paulo, Qd 72 - N 28 - Cabanagem, Belém - PA, 66625-490;-1.372546;-48.433151
3239 - EEEF ALEXANDRE NICOMEDES DA CUNHA;EEEF ALEXANDRE NICOMEDES DA CUNHA;Rua Fe Em Deus Qd 187, Nï¿½ 14, Quadra 187, 14 - Cabanagem, Belém - PA, 66625-760;-1.362052;-48.436964
3247 - EEEFM DILMA DE SOUZA CATTETE;EEEFM DILMA DE SOUZA CATTETE;Conj. Pedro Teixeira I Rua 02, Rua Principal, Sn - Coqueiro, Belém - PA, 66670-330;-1.352770;-48.446861
3255 - EEEFM MARIA GABRIELA RAMOS DE OLIVEIRA;EEEFM MARIA GABRIELA RAMOS DE OLIVEIRA;67 69, Alameda Ns-26, 67 - Coqueiro, Belém - PA;-1.332152;-48.435498
3263 - COLÉGIO EQUIPE CRISTAL;COLÉGIO EQUIPE CRISTAL;Rod. Des. Paulo Frota, 1400 - Bengui, Belém - PA;-1.388452;-48.468515
3301 - EEEF WALDOMIRO RODRIGUES DE OLIVEIRA;EEEF WALDOMIRO RODRIGUES DE OLIVEIRA;R. São Bento, 02 - Bengui, Belém - PA, 66630-030;-1.378396;-48.462249
3298 - FEAPA - FACULDADE DE ESTUDOS AVANÇADOS DO PARA;FEAPA - FACULDADE DE ESTUDOS AVANÇADOS DO PARA;Av. Augusto Montenegro, 4120 - Km 04 - Parque Verde, Belém - PA, 66625-630;-1.370892;-48.444447
3352 - ESCOLA BOSQUE - CARLOS VINAGRE;ESCOLA BOSQUE - CARLOS VINAGRE;Estr. do Benjamin, 93 - Mangueirão, Belém - PA, 66650-450;-1.376769;-48.429846
3344 - EEEFM MAESTRO WALDEMAR HENRIQUE (CAIC);EEEFM MAESTRO WALDEMAR HENRIQUE (CAIC);Av. Mangueirão - Mangueirão, Belém - PA;-1.380855;-48.453249
1465 - EMEIF AMÂNCIA PANTOJA;EMEIF AMÂNCIA PANTOJA;69, Passagem Cruzeiro, 31 - Fátima, Belém - PA;-1.442877;-48.471141
1473 - CRECHE IRMÃ DULCE;CRECHE IRMÃ DULCE;Fátima, Belém - PA, 66060-110;-1.442618;-48.471370
1481 - ESCOLA SUPERIOR DE EDUCAÇÃO FÍSICA;ESCOLA SUPERIOR DE EDUCAÇÃO FÍSICA;Tv. Vileta, 2924 - Marco, Belém - PA, 66095-740;-1.442987;-48.457735
1490 - EEEFM VISCONDE DE SOUZA FRANCO;EEEFM VISCONDE DE SOUZA FRANCO;Av. Alm. Barroso, 1150 - Marco, Belém - PA, 66095-000;-1.440059;-48.460880
1503 - CENTRO DIESEL DA AMAZONIA;CENTRO DIESEL DA AMAZONIA;Trav. Mauriti Com 1 de Dezembro , S/n, Marco, Belém - PA, 66095-000;-1.436143;-48.459972
1511 - EEEFM D. PEDRO II;EEEFM D. PEDRO II;Tv. Lomas Valentinas, 2140 - Marco, Belém - PA, 66087-440;-1.432262;-48.457846
1520 - INSTITUTO FEDERAL DO PARA - IFPA;INSTITUTO FEDERAL DO PARA - IFPA;Av. Alm. Barroso, 1155 - Marco, Belém - PA, 66093-020;-1.438532;-48.460169
1538 - EMEIF ALZIRA PERNAMBUCO;EMEIF ALZIRA PERNAMBUCO;Tv. Perebebuí, 1995 - Marco, Belém - PA, 66087-661;-1.425183;-48.460231
1546 - SENAI - ESCOLA GETÚLIO VARGAS;SENAI - ESCOLA GETÚLIO VARGAS;Tv. Barão do Triunfo, 2806 - Marco, Belém - PA, 66093-050;-1.432560;-48.462747
1554 - COLÉGIO PHYSICS (ANTIGO COLÉGIO IPIRANGA);COLÉGIO PHYSICS (ANTIGO COLÉGIO IPIRANGA);Av. Alm. Barroso, 777 - São Brás, Belém - PA, 66093-020;-1.442210;-48.462603
1562 - EEEFM JARBAS PASSARINHO;EEEFM JARBAS PASSARINHO;Av. Rômulo Maiorana, 2309 - Marco, Belém - PA, 66093-605;-1.428448;-48.457226
1570 - EEEFM LAURO SODRÉ;EEEFM LAURO SODRÉ;Tv. Pirajá - Marco, Belém - PA, 66085-632;-1.426133;-48.461547
1589 - UNAMEA-UNIÃO AMAZÔNIDA DE EDUCAÇÃO E ASSISTÊNCIA;UNAMEA-UNIÃO AMAZÔNIDA DE EDUCAÇÃO E ASSISTÊNCIA;205, Tv. Humaitá, 147 - Marco, Belém - PA;-1.445861;-48.456052
1597 - EEEFM PAULINO DE BRITO;EEEFM PAULINO DE BRITO;Av Almirante Barroso, 589, Entre Chaco E, Tv. Curuzú, 589 - Marco, Belém - PA, 66093-020;-1.443736;-48.463605
1600 - CENTRO DE CIÊNCIAS NATURAIS E TECNOLOGIA DA UEPA;CENTRO DE CIÊNCIAS NATURAIS E TECNOLOGIA DA UEPA;Tv. Dr. Enéas Pinheiro, 2626 - Marco, Belém - PA, 66095-015;-1.434505;-48.451734
1619 - COLÉGIO ALFA;COLÉGIO ALFA;Av. João Paulo II, 322 - Marco, Belém - PA, 66095-285;-1.445326;-48.460614
1635 - COLÉGIO NOSSA SENHORA DE NAZARÉ;COLÉGIO NOSSA SENHORA DE NAZARÉ;Av. Nª Sra. de Nazaré, 902 - Nazaré, Belém - PA, 66040-143;-1.452213;-48.485370
1643 - INSTITUTO ESTADUAL CARLOS GOMES;INSTITUTO ESTADUAL CARLOS GOMES;Av. Gentil Bitencourt, 977 - Nazaré, Belém - PA, 66040-174;-1.455436;-48.483925
1651 - EEEM ORLANDO BITTAR;EEEM ORLANDO BITTAR;Av Gov Jose Malcher, Entre Doca De Souza Franco E, Tv. Quintino Bocaiúva, 793 - Nazaré, Belém - PA, 66055-260;-1.451084;-48.486676
1660 - COLÉGIO GENTIL BITTENCOURT;COLÉGIO GENTIL BITTENCOURT;Av. Gov Magalhães Barata, 137 - Nazaré, Belém - PA, 66035-170;-1.452135;-48.479650
1678 - EGPA - ESCOLA DE GOVERNANÇA PÚBLICA DO ESTADO DO PARÁ (ANTIGO CIG);EGPA - ESCOLA DE GOVERNANÇA PÚBLICA DO ESTADO DO PARÁ (ANTIGO CIG);Av. Gov. José Malcher, 900 - Nazaré, Belém - PA, 66055-260;-1.450751;-48.485500
1686 - INSTITUTO ADVENTISTA GRÃO PARA;INSTITUTO ADVENTISTA GRÃO PARA;Tv. Barão do Triunfo, 3577 - Marco, Belém - PA, 66095-050;-1.436563;-48.456655
1694 - SESI INDÚSTRIA SAUDÁVEL;SESI INDÚSTRIA SAUDÁVEL;Av. João Paulo II, 1267 - Marco, Belém - PA, 66095-493;-1.437705;-48.455777
1708 - FACULDADE UNINASSAU - ANTIGO COLÉGIO MODERNO;FACULDADE UNINASSAU - ANTIGO COLÉGIO MODERNO;Tv. Quintino Bocaiúva, 1808 - Nazaré, Belém - PA, 66035-190;-1.455763;-48.486042
1716 - EEEFM BARÃO DO RIO BRANCO;EEEFM BARÃO DO RIO BRANCO;Av. Generalíssimo Deodoro, 1464 - Nazaré, Belém - PA, 66035-190;-1.453749;-48.482876
1724 - EEEFM DEODORO DE MENDONÇA;EEEFM DEODORO DE MENDONÇA;Av. Gov. José Malcher, 1622 - Nazaré, Belém - PA, 66030-320;-1.449014;-48.479618
1740 - EEEF PINTO MARQUES;EEEF PINTO MARQUES;Av. Gov. José Malcher, 861 - Nazaré, Belém - PA, 66055-260;-1.450863;-48.485968
1759 - COLÉGIO SANTA CATARINA DE SENA;COLÉGIO SANTA CATARINA DE SENA;Av. Nª Sra. de Nazaré, 1016 - Nazaré, Belém - PA, 66035-145;-1.452230;-48.483715
1015 - EEEIF PROFA. EMILIANA SARMENTO FERREIRA;EEEIF PROFA. EMILIANA SARMENTO FERREIRA;Esquina Com Marques - Av. Doutor Freitas, 1472 - Sacramenta, Belém - PA, 66087-810;-1.418413;-48.461698
1023 - EEEFM PROFA. GRAZIELA MOURA RIBEIRO;EEEFM PROFA. GRAZIELA MOURA RIBEIRO;Tv. Alferes Costa, 100 - Sacramenta, Belém - PA, 66123-030;-1.415862;-48.471494
1031 - EEEF PROFA. DONATILA SANTANA LOPES;EEEF PROFA. DONATILA SANTANA LOPES;Tv. Mauriti, 1797 - Pedreira, Belém - PA, 66093-180;-1.430959;-48.467723
1040 - EEEFM  DR. JUSTO CHERMONT;EEEFM  DR. JUSTO CHERMONT;Tv Vileta, Esquina Com A, Av. Pedro Miranda, 916 - Pedreira, Belém - PA, 66087-422;-1.431985;-48.474185
1163 - INSTITUTO 15 DE AGOSTO S/S LTDA;INSTITUTO 15 DE AGOSTO S/S LTDA;Conj. Humaitá - Pedreira, Belém - PA, 66085-220;-1.433871;-48.474092
1066 - EMEF JOSINO VIANA;EMEF JOSINO VIANA;Tv. Lomas Valentinas - Pedreira, Belém - PA, 66080-322;-1.424173;-48.469434
1341 - COLÉGIO NOSSA SENHORA DO PERPÉTUO SOCORRO;COLÉGIO NOSSA SENHORA DO PERPÉTUO SOCORRO;Av. Marquês de Herval, N° 1467 - Pedreira, Belém - PA, 66080-035;-1.426449;-48.467389
1074 - EEEF MAROJA NETO;EEEF MAROJA NETO;Av. Pedro Miranda, 444 - Pedreira, Belém - PA, 66085-005;-1.434839;-48.476492
1082 - EMEF PALMIRA DE OLIVEIRA GABRIEL;EMEF PALMIRA DE OLIVEIRA GABRIEL;Tv. Timbó, 681 - Pedreira, Belém - PA, 66087-532;-1.428471;-48.476836
1317 - CENTRO EDUCACIONAL IKETANI E LIBONATI;CENTRO EDUCACIONAL IKETANI E LIBONATI;Av. Pedro Miranda, 827 - Pedreira, Belém - PA, 66085-022;-1.431433;-48.474536
1090 - EMEIF ALMERINDO TRINDADE;EMEIF ALMERINDO TRINDADE;R. do Acampamento, 276 - Pedreira, Belém - PA, 66083-030;-1.429423;-48.479480
1104 - EEEFM  RODRIGUES PINAGÉ;EEEFM  RODRIGUES PINAGÉ;Tv. do Chaco, 1055 - Pedreira, Belém - PA, 66085-451;-1.436750;-48.472475
1112 - ERCEF CENTRO EDUC. E TÉCNICO APARECIDA;ERCEF CENTRO EDUC. E TÉCNICO APARECIDA;Av. Pedro Miranda, 1566 - Pedreira, Belém - PA, 66085-023;-1.426682;-48.471092
1120 - ERCEF SALESIANO DO TRABALHO;ERCEF SALESIANO DO TRABALHO;Entrada Pela - Av Pedro Miranda, Tv. Alferes Costa, 2403 - Pedreira, Belém - PA, 66083-109;-1.418612;-48.467411
1139 - ERCEF CENTRO SOCIAL AUXILIUM;ERCEF CENTRO SOCIAL AUXILIUM;Pass Nsra, Passagem Maria Auxiliadora, 2563 - Pedreira, Belém - PA, 66080-195;-1.418636;-48.466436
1309 - COLÉGIO SUCESSO;COLÉGIO SUCESSO;Av. Pedro Miranda, 1984 - Pedreira, Belém - PA, 66085-024;-1.423348;-48.468878
1155 - SOCIEDADE BENEFICENTE SPORT ALEGRIA;SOCIEDADE BENEFICENTE SPORT ALEGRIA;Av. Marquês de Herval, 156 - Pedreira, Belém - PA, 66085-314;-1.437951;-48.474778
1171 - EEEFM BENJAMIN CONSTANT;EEEFM BENJAMIN CONSTANT;Trav Benjamin Constant, 497, Esq, R. Sen. Manoel Barata, 497 - Reduto, Belém - PA, 66053-040;-1.447410;-48.492988
1180 - FUNASA - FUNDAÇÃO NACIONAL DE SAÚDE;FUNASA - FUNDAÇÃO NACIONAL DE SAÚDE;Av. Visc. de Souza Franco, 616 - Reduto, Belém - PA, 66053-000;-1.444112;-48.490059
1198 - INSTITUTO DE CIÊNCIAS DA SAÚDE (ANTIGA FACULDADE DE MEDICINA);INSTITUTO DE CIÊNCIAS DA SAÚDE (ANTIGA FACULDADE DE MEDICINA);Av. Generalíssimo Deodoro, 01 - Umarizal, Belém - PA, 66050-160;-1.440375;-48.482891
1201 - CENTRO EDUCACIONAL OLIMPUS VESTIBULARES;CENTRO EDUCACIONAL OLIMPUS VESTIBULARES;Av. Alcindo Cacela, 675 - Umarizal, Belém - PA, 66060-000;-1.442595;-48.478440
1210 - UNAMA - UNIVERSIDADE DA AMAZÔNIA;UNAMA - UNIVERSIDADE DA AMAZÔNIA;Av. Alcindo Cacela, 287 - Umarizal, Belém - PA, 66060-902;-1.438746;-48.478838
1236 - ESCOLA TECNOLÓGICA PROF ANÍSIO TEIXEIRA;ESCOLA TECNOLÓGICA PROF ANÍSIO TEIXEIRA;Tv. Dom Pedro I, Entre Pedro A Cabral E, R. Municipalidade, 320 - Umarizal, Belém - PA, 66050-100;-1.436226;-48.490291
1244 - INSTITUTO DOM BOSCO;INSTITUTO DOM BOSCO;Tv. Benjamin Constant, 634 - Reduto, Belém - PA, 66053-040;-1.448465;-48.492204
1252 - ESCOLA APAE BELÉM;ESCOLA APAE BELÉM;Av. Alcindo Cacela, 465 - Umarizal, Belém - PA, 66060-000;-1.440621;-48.478636
1260 - EEEFM DR FREITAS;EEEFM DR FREITAS;Av. Generalíssimo Deodoro, 220, , 220 - Umarizal, Belém - PA, 66055-240;-1.442330;-48.482865
1325 - INSTITUTO FELIPE SMALDONE;INSTITUTO FELIPE SMALDONE;Tv. 14 de Março, 854 - Umarizal, Belém - PA, 66055-490;-1.442681;-48.480600
1287 - ERCEIF SÃO VICENTE DE PAULO;ERCEIF SÃO VICENTE DE PAULO;R. Municipalidade, 1568 - Umarizal, Belém - PA, 66113-005;-1.432832;-48.487282
1104 - EMEF ERNESTINA RODRIGUES;EMEF ERNESTINA RODRIGUES;Passagem Alberto Engelhard, 286 - São Brás, Belém - PA, 66040-130;-1.450991;-48.476420
1210 - SISTEMA DE ENSINO UNIVERSO;SISTEMA DE ENSINO UNIVERSO;R. dos Mundurucus, 4010 - Guamá, Belém - PA, 66063-495;-1.457471;-48.469878
1139 - ASSOCIAÇÃO BERÇO DE BELÉM;ASSOCIAÇÃO BERÇO DE BELÉM;Av. José Bonifácio, 893 - Guamá, Belém - PA, 66063-075;-1.452974;-48.468967
1147 - EEEFM AUGUSTO MEIRA;EEEFM AUGUSTO MEIRA;Esquina Com A - Avenida Jose Bonifacio, Av. Gentil Bitencourt, 799 - São Brás, Belém - PA, 66063-075;-1.454205;-48.468950
1155 - EMEF PROFA BENVINDA DE FRANÇA MESSIAS;EMEF PROFA BENVINDA DE FRANÇA MESSIAS;Alameda Duzentos e Quarenta e Um - São Brás, Belém - PA, 66090-000;-1.450692;-48.468494
1163 - EEEFM VILHENA ALVES;EEEFM VILHENA ALVES;Av Magalhaes Barata, Esquina Com A, Tv. Três de Maio, 698 - São Brás, Belém - PA, 66060-281;-1.451807;-48.474374
1228 - CENTRO SOCIAL DA PARÓQUIA DE SÃO MIGUEL ARCANJO;CENTRO SOCIAL DA PARÓQUIA DE SÃO MIGUEL ARCANJO;Av. Alcindo Cacela, 2984 - Cremação, Belém - PA, 66065-020;-1.462976;-48.476738
1368 - EEEF JOSÉ BONIFÁCIO;EEEF JOSÉ BONIFÁCIO;Tv. 14 de Abril, 2039 - Fátima, Belém - PA, 66063-475;-1.457999;-48.472167
1236 - EEEFM AMÍLCAR ALVES TUPIASSU;EEEFM AMÍLCAR ALVES TUPIASSU;Rua Eng Fernando Guilhon S/N - Entre Tv 14 de Março e Av Alcindo Cacela - Cremação, Belém - PA;-1.463078;-48.480155
1244 - EEEF PROF JOÃO RENATO FRANCO;EEEF PROF JOÃO RENATO FRANCO;R. dos Pariquis - Cremação, Belém - PA, 66033-590;-1.459285;-48.476118
1252 - EEEF STÉLIO MAROJA;EEEF STÉLIO MAROJA;Tv. Nove de Janeiro, 2603 - Condor, Belém - PA, 66065-155;-1.462710;-48.475119
1260 - EEEF DR MÁRIO CHERMONT;EEEF DR MÁRIO CHERMONT;Av. Alcindo Cacela, 2565 - Cremação, Belém - PA, 66065-205;-1.459577;-48.477042
1279 - UEI - UNIDADE DE ENSINO FUNDAMENTAL DA CREMAÇÃO (CRECHE);UEI - UNIDADE DE ENSINO FUNDAMENTAL DA CREMAÇÃO (CRECHE);Tv Dr Moraes entre CARIPUNAS e, R. dos Pariquis, PA;-1.460796;-48.486284
1350 - EEEF PROFª NORMA MORHY;EEEF PROFª NORMA MORHY;Passagem Batista, 2 - Cremação, Belém - PA, 66045-120;-1.461327;-48.482251
1376 - EEEFM ACÁCIO FELÍCIO SOBRAL;EEEFM ACÁCIO FELÍCIO SOBRAL;Tv. Juvenal Cordeiro - Canudos, Belém - PA, 66070-300;-1.452482;-48.457453
1384 - EEEIF RUTH PASSARINHO;EEEIF RUTH PASSARINHO;Passagem Tôrres - Marco, Belém - PA, 66610-730;-1.432355;-48.448216
1392 - EMEIF SOLERNO MOREIRA;EMEIF SOLERNO MOREIRA;Passagem Universal, 127 - Terra Firme, Belém - PA, 66079-510;-1.462967;-48.448327
1406 - EEEFM MÁRIO BARBOSA;EEEFM MÁRIO BARBOSA;Av. Perimetral, s/n - Universitário, Belém - PA, 66079-005;-1.452990;-48.446493
1414 - NPI - NÚCLEO PEDAGÓGICO INTEGRADO DA UFPA;NPI - NÚCLEO PEDAGÓGICO INTEGRADO DA UFPA;Av. Perimetral, 1000 - Terra Firme, Belém - PA, 66095-780;-1.446140;-48.447116
1422 - EEEF BRIGADEIRO FONTENELE;EEEF BRIGADEIRO FONTENELE;R. São Domingos, 511 - Terra Firme, Belém - PA, 66077-650;-1.454909;-48.450017
1430 - EEEF MATEUS DO CARMO;EEEF MATEUS DO CARMO;Passagem São João, 128 - Terra Firme, Belém - PA, 66079-790;-1.453311;-48.448234
1449 - EM MARIA ESTELLINA VALMONT;EM MARIA ESTELLINA VALMONT;Passagem Vitória, 423 - Terra Firme, Belém - PA, 66077-160;-1.456219;-48.448287
1457 - ESCOLA ADVENTISTA DO 1 GRAU ALTAMIR DE PAIVA;ESCOLA ADVENTISTA DO 1 GRAU ALTAMIR DE PAIVA;Tv. Nina Ribeiro, 59 - Canudos, Belém - PA, 66070-350;-1.448457;-48.464550
1465 - ESCOLA PAROQUIAL SÃO JOSÉ DE QUELUZ;ESCOLA PAROQUIAL SÃO JOSÉ DE QUELUZ;Av. Cipriano Santos - Canudos, Belém - PA, 66090-340;-1.449486;-48.463487
1473 - EEEF PROFESSORA ANÉSIA;EEEF PROFESSORA ANÉSIA;Av. Alm. Barroso, 2226 - Curió Utinga, Belém - PA, 66610-211;-1.425754;-48.451464
1503 - EEEFM DR CELSO MALCHER;EEEFM DR CELSO MALCHER;Terra Firme, Belém - PA;-1.461871;-48.441764
1490 - UEES PROFESSOR ASTÉRIO DE CAMPOS;UEES PROFESSOR ASTÉRIO DE CAMPOS;Av. Alm. Barroso, 2226 - Souza, Belém - PA, 66613-710;-1.425887;-48.451104
1520 - EMEF PROFA MANUELA FREITAS;EMEF PROFA MANUELA FREITAS;Av. Gentil Bitencourt, 2822 - São Brás, Belém - PA, 66035-340;-1.454514;-48.467274
1538 - EEEFM AUGUSTO OLÍMPIO;EEEFM AUGUSTO OLÍMPIO;Av. Ceará, 595 - Canudos, Belém - PA, 66070-080;-1.447547;-48.459726
1015 - CENTRO COMUNITÁRIO ESTRADA NOVA;CENTRO COMUNITÁRIO ESTRADA NOVA;Estr. do Buiussuquara, 15 - Curió-Utinga, Belém - PA, 68447-000;-1.427212;-48.442265
1023 - EEEF PAULO FONTELES DE LIMA;EEEF PAULO FONTELES DE LIMA;Passagem São José, s/n - Icoaraci, Belém - PA, 66816-460;-1.362917;-48.472433
1031 - EEEF EUNICE WEAVER;EEEF EUNICE WEAVER;R. de Capricórnio, S/N - Icoaraci, Belém - PA, 66115-000;-1.376913;-48.477839
1040 - EEEF NOSSA SENHORA DO CARMO;EEEF NOSSA SENHORA DO CARMO;R. Pres. Castelo Branco, 244-602 - Tapanã (Icoaraci), Belém - PA, 66825-070;-1.344157;-48.473131
1058 - EEEFM EDVALDO BRANDÃO;EEEFM EDVALDO BRANDÃO;547, R. Bebedouro, 443 - Tapanã (Icoaraci), Belém - PA;-1.343448;-48.458538
1066 - EEEF PROFESSORA MARIA HELOISA DE CASTRO;EEEF PROFESSORA MARIA HELOISA DE CASTRO;Rod. do Tapanã, 15A - Tapanã (Icoaraci), Belém - PA, 66825-230;-1.330497;-48.471906
1074 - EEEFM DR ALDEBARO CAVALEIRO DE MACEDO KLAUTAU;EEEFM DR ALDEBARO CAVALEIRO DE MACEDO KLAUTAU;Alameda Seis, s/n - Tapanã (Icoaraci), Belém - PA, 66833-060;-1.349754;-48.463791
1082 - EEEF AMÉRICO SOUZA DE OLIVEIRA;EEEF AMÉRICO SOUZA DE OLIVEIRA;Alameda Sete de Setembro, 2 - Tapanã (Icoaraci), Belém - PA, 66013-070;-1.352091;-48.460694
1090 - EEEF GABRIEL LAGE DA SILVA;EEEF GABRIEL LAGE DA SILVA;R. Quintino, 12 - Tapanã (Icoaraci), Belém - PA, 66830-130;-1.348556;-48.469421
1350 - EEEM DR. JOSÉ MÁRCIO AYRES;EEEM DR. JOSÉ MÁRCIO AYRES;Rod. do Tapanã - Tapanã (Icoaraci), Belém - PA, 66825-010;-1.332566;-48.469341
1112 - EMEF CORDOLINA FONTELES DE LIMA;EMEF CORDOLINA FONTELES DE LIMA;137, Passagem São Vicente, 105 - Pratinha (Icoaraci), Belém - PA;-1.357744;-48.474903
1120 - CLUBE DE MÃES NOSSA SENHORA APARECIDA;CLUBE DE MÃES NOSSA SENHORA APARECIDA;R. Independência, 1 - Tapanã (Icoaraci), Belém - PA, 66840-005;-1.262396;-48.464923
1368 - EEEMEF PRATINHA II;EEEMEF PRATINHA II;Rod. Arthur Bernardes, 225 - Pratinha II, Belém - PA;-1.363062;-48.476108
1376 - EEEF CANARINHO;EEEF CANARINHO;R. Treze de Agosto - Parque Guajará, Belém - PA, 66821-065;-1.335808;-48.458501
1414 - UNIDADE PEDAGÓGICA PASSO A PASSO;UNIDADE PEDAGÓGICA PASSO A PASSO;R. Vitoria Regia, 98 - Tapanã (Icoaraci), Belém - PA, 66800-000;-1.329749;-48.473585
1406 - EEEFM PADRE FRANCISCO BERTON;EEEFM PADRE FRANCISCO BERTON;R. São Clemente, 127 - Tapanã (Icoaraci), Belém - PA, 66830-720;-1.347229;-48.467178
1457 - ESCOLA PROFª ALDA EUTROPIO DE SOUZA;ESCOLA PROFª ALDA EUTROPIO DE SOUZA;Alameda Sucupira, 40 - Tapanã (Icoaraci), Belém - PA, 66830-680;-1.357733;-48.465486
1481 - ESCOLA MUNICIPAL NOVA ALIANÇA;ESCOLA MUNICIPAL NOVA ALIANÇA;Passagem Profeta Isaías, 216 - Pratinha (Icoaraci), Belém - PA, 66816-250;-1.368261;-48.470509
1511 - EEEM PROFESSOR MANOEL LEITE CARNEIRO;EEEM PROFESSOR MANOEL LEITE CARNEIRO;Tv. WE 04, 97-149 - Tenoné, Belém - PA, 66820-185;-1.320081;-48.434349
1520 - EEEF  PROF ODETE MARVAO;EEEF  PROF ODETE MARVAO;Passagem Oliveira, 31 - Águas Negras (Icoaraci), Belém - PA, 66822-270;-1.306972;-48.457308
1538 - SERVIÇO SOCIAL DE TRANSPORTE - SEST/SENAT;SERVIÇO SOCIAL DE TRANSPORTE - SEST/SENAT;Av. Augusto Montenegro, 765 - Águas Negras, Belém - PA, 66822-000;-1.304672;-48.463585
1546 - EM SABINO BARRETO;EM SABINO BARRETO;116, Av. Hélio Amanajás, 102 - Águas Negras, Belém - PA;-1.303071;-48.455534
1554 - EMEF OGILVANISE MOREIRA DE MOURA;EMEF OGILVANISE MOREIRA DE MOURA;Tv. Souza Franco - Agulha, Belém - PA, 66812-430;-1.303839;-48.474841
1562 - EMEF MARIA MADALENA CORREA RAAD;EMEF MARIA MADALENA CORREA RAAD;156, Passagem São José de Ribamar, 100 - Agulha (Icoaraci), Belém - PA, 66811-510;-1.306549;-48.471476
1589 - EEEFM AVERTANO ROCHA (ESTADUAL);EEEFM AVERTANO ROCHA (ESTADUAL);Tv. Itaboraí - Cruzeiro (Icoraci), Belém - PA, 66810-030;-1.302278;-48.483063
1597 - ESCOLA DO SESI - ICOARACI;ESCOLA DO SESI - ICOARACI;R. Quinze de Agosto, 1435 - Cruzeiro (Icoraci), Belém - PA, 66810-070;-1.306146;-48.483174
1600 - EEEFM TEODORA BENTES;EEEFM TEODORA BENTES;R. Padre Júlio Maria, 1090 - Ponta Grossa, Belém - PA, 66812-470;-1.303240;-48.485340
1619 - EEEFM FELIZ LUSITÂNIA;EEEFM FELIZ LUSITÂNIA;Tv. Souza Franco, 220-326 - Agulha (Icoaraci), Belém - PA, 66811-880;-1.304646;-48.486363
1627 - EEEF PROF FERNANDA SOUZA DE OLIVEIRA;EEEF PROF FERNANDA SOUZA DE OLIVEIRA;Tv. Berredos, 691 - Ponta Grossa (Icoaraci), Belém - PA, 66812-440;-1.306608;-48.483281
1635 - EEEF XV DE NOVEMBRO;EEEF XV DE NOVEMBRO;Av. Augusto Montenegro, 3433 - Tenonã‰, Belém - PA, 66820-010;-1.324612;-48.449075
1643 - EEEFM FÉ EM DEUS;EEEFM FÉ EM DEUS;Passagem Fé Em Deus, 15 - Tenoné, Belém - PA, 66820-295;-1.313660;-48.454297
1651 - EEEFM PALMIRA GABRIEL;EEEFM PALMIRA GABRIEL;Av. Augusto Montenegro, 10 - Parque Guajara - Icoaraci, Belém - PA, 66645-001;-1.320540;-48.451289
1660 - EMEF PROF PAULO FREIRE;EMEF PROF PAULO FREIRE;Tv. 05 S/N - Cj. Bela Manuela. - Tenoné, Belém - PA;-1.325520;-48.437681
1678 - EEEF NOSSA SENHORA DE FÁTIMA II;EEEF NOSSA SENHORA DE FÁTIMA II;R. Oito de Maio, 39 - Agulha, Belém - PA, 66811-130;-1.302065;-48.469752
1686 - LICEU DE ARTES E OFÍCIOS MESTRE RAIMUNDO CARDOSO;LICEU DE ARTES E OFÍCIOS MESTRE RAIMUNDO CARDOSO;Tv. dos Andradas, 886 - Ponta Grossa (Icoaraci), Belém - PA, 66811-010;-1.308511;-48.480116
1694 - EEEFM TENONÉ;EEEFM TENONÉ;Conjunto COHAB Tenoné, Tv. WE 01 - Tenoné, Belém - PA;-1.321896;-48.432166
1716 - EEEF NOSSA SENHORA DAS GRAÇAS;EEEF NOSSA SENHORA DAS GRAÇAS;Passagem John Engelhard, 100 - Pratinha (Icoaraci), Belém - PA, 66816-030;-1.361403;-48.472556
1724 - ESCOLA MUNICIPAL PROF. JOSÉ ALVES CUNHA;ESCOLA MUNICIPAL PROF. JOSÉ ALVES CUNHA;R. Santos dos Santos - Tapanã (Icoaraci), Belém - PA, 66825-620;-1.327857;-48.467818
1015 - SEMINÁRIO TEOLÓGICO BATISTA EQUATORIAL;SEMINÁRIO TEOLÓGICO BATISTA EQUATORIAL;BR-316, Km 01, 6241 - Castanheira, Belém - PA, 66645-003;-1.404684;-48.431720
1023 - COLÉGIO SANTA MADRE;COLÉGIO SANTA MADRE;Av. Augusto Montenegro, 122 - Marambaia, Belém - PA, 66623-590;-1.401444;-48.434516
1031 - EEEIFM JARBAS PASSARINHO;EEEIFM JARBAS PASSARINHO;Passagem Boa Esperança, 284-316 - Souza, Belém - PA, 66613-110;-1.408363;-48.440048
1040 - EEF ANEXO MADRE CELESTE;EEF ANEXO MADRE CELESTE;R. Santa Odília, 124-236 - Castanheira, Belém - PA, 66645-500;-1.400675;-48.431985
1058 - DELEGACIA FEDERAL DE AGRICULTURA DO PARÁ;DELEGACIA FEDERAL DE AGRICULTURA DO PARÁ;Av. João Paulo II - Castanheira, Belém - PA;-1.413470;-48.437686
1066 - EE TANCREDO NEVES;EE TANCREDO NEVES;Passagem José de Alencar - Castanheira, Belém - PA, 66645-057;-1.407506;-48.425506
1252 - EM TEREZINHA SOUZA;EM TEREZINHA SOUZA;R. José Hassegawa - Castanheira, Belém - PA, 66645-070;-1.403752;-48.426548
1082 - EEEF CABANAGEM;EEEF CABANAGEM;Passagem Nossa Sra. Aparecida, 380 - Castanheira, Belém - PA, 66645-455;-1.409376;-48.431470
1287 - EMEIF PARQUE BOLONHA;EMEIF PARQUE BOLONHA;Tv. Terceira, 2 - Águas Lindas, Belém - PA, 66690-550;-1.411861;-48.394009
1104 - EMEIF OLGA BENÁRIO;EMEIF OLGA BENÁRIO;R. Rosa de Luxemburgo, s/n - Águas Lindas, Belém - PA, 66690-190;-1.405751;-48.392783
1260 - EEEFM MARECHAL CORDEIRO DE FARIAS;EEEFM MARECHAL CORDEIRO DE FARIAS;Av. Alm. Barroso, 3109 - Souza, Belém - PA, 66613-710;-1.424379;-48.451010
1171 - EEEFM PEDRO AMAZONAS PEDROSO;EEEFM PEDRO AMAZONAS PEDROSO;Av. Alm. Barroso, 4374 - Souza, Belém - PA, 66613-710;-1.414904;-48.444292
1180 - EEEIF COSTA E SILVA;EEEIF COSTA E SILVA;Av Almirante Barroso, Sn, S/N - Souza, Belém - PA, 66613-710;-1.413350;-48.443422
1198 - SETRAN - SECRETARIA DE ESTADO DE TRANSPORTE;SETRAN - SECRETARIA DE ESTADO DE TRANSPORTE;Av. Alm. Barroso, 3639 - Souza, Belém - PA, 66613-907;-1.419420;-48.448703
1201 - EEEFM ALBANIZIA DE OLIVEIRA;EEEFM ALBANIZIA DE OLIVEIRA;Av. Alm. Barroso, 3107 - Souza, Belém - PA, 66613-710;-1.425020;-48.451247
1295 - EEEF ALMIRANTE TAMANDARÉ;EEEF ALMIRANTE TAMANDARÉ;Conj. Cohab Rua We 2, Gleba 2, Sn - Marambaia, Belém - PA, 66623-282;-1.400425;-48.435671
1309 - EEEF DR. CARLOS GUIMARÃES;EEEF DR. CARLOS GUIMARÃES;Passagem K 4, Conj. Cohab, Sn - Marambaia, Belém - PA, 66623-295;-1.397149;-48.437286
1317 - EEEFM PROF. CORNÉLIO DE BARROS;EEEFM PROF. CORNÉLIO DE BARROS;Av Dalva, Entre Pedro Alvares Cabral E, Rua Cap. Braga, 743 - Marambaia, Belém - PA, 66615-850;-1.405240;-48.438822
1325 - EMEIF REPÚBLICA DE PORTUGAL;EMEIF REPÚBLICA DE PORTUGAL;R. Anchieta, 359 - Marambaia, Belém - PA, 66615-030;-1.402840;-48.444726
1333 - SÃO JOAQUIM ESPORTE CLUBE;SÃO JOAQUIM ESPORTE CLUBE;R. Anchieta, 225 - Marambaia, Belém - PA, 66615-030;-1.404636;-48.444320
1341 - EEEF VIRGÍNIA ALVES DA CUNHA;EEEF VIRGÍNIA ALVES DA CUNHA;Av Dalva, Entre Rua Samaritana E Sao Jorge, 400 - Marambaia, Belém - PA, 66615-850;-1.403784;-48.440949
1350 - EEEFM HILDA VIEIRA;EEEFM HILDA VIEIRA;Tv. Marapanim - Marambaia, Belém - PA, 66620-360;-1.396598;-48.455626
1368 - EEEMP INTEGRADO PROF. FRANCISCO DA SILVA NUNES;EEEMP INTEGRADO PROF. FRANCISCO DA SILVA NUNES;Av. Médici II, 195 - Marambaia, Belém - PA;-1.399158;-48.458360
1376 - EEEF PROFA LEONOR NOGUEIRA;EEEF PROFA LEONOR NOGUEIRA;R. Cafezal - Marambaia, Belém - PA, 66620-190;-1.397412;-48.459838
1384 - EMEIF PALMIRA LINS DE CARVALHO;EMEIF PALMIRA LINS DE CARVALHO;Conjunto Euclides Figueiredo, R. F - Marambaia, Belém - PA, 66620-770;-1.399107;-48.448496
1392 - ESCOLA ADVENTISTA DA MARAMBAIA;ESCOLA ADVENTISTA DA MARAMBAIA;Av. Dalva, 14 - Marambaia, Belém - PA, 66615-850;-1.407025;-48.437774
1406 - PARÓQUIA DE SÃO JORGE;PARÓQUIA DE SÃO JORGE;Av. Dalva, 445 - Marambaia, Belém - PA, 66615-850;-1.403809;-48.440499
1414 - EEEFM D. PEDRO I;EEEFM D. PEDRO I;Conj. Res. Marex - Val-de-Cans, Belém - PA, 66123-370;-1.397614;-48.472163
1422 - EEEF PRES. CASTELO BRANCO;EEEF PRES. CASTELO BRANCO;Conj Marex, R. São Paulo, Sn - Val de Caes, Belém - PA, 66617-050;-1.396906;-48.470712
1430 - EEEFM DUQUE DE CAXIAS;EEEFM DUQUE DE CAXIAS;Rua Raul Soares, R. da M.nha, Sn - Marambaia, Belém - PA, 66623-320;-1.396016;-48.440693
1449 - EEEM PROF TEMÍSTOCLES DE ARAUJO;EEEM PROF TEMÍSTOCLES DE ARAUJO;R. We-2 - Marambaia, Belém - PA, 66623-282;-1.400326;-48.439603
1457 - UNIDADE DE EDUCAÇÃO INFANTIL JARDIM NOVA VIDA;UNIDADE DE EDUCAÇÃO INFANTIL JARDIM NOVA VIDA;Av. Liberdade - Entroncamento, Belém - PA, 66690-797;-1.416933;-48.394128
1465 - FACULDADE COSMOPOLITA;FACULDADE COSMOPOLITA;Av. Tavares Bastos, 1313 - Marambaia, Belém - PA, 66615-005;-1.405013;-48.450204
1473 - ESCOLINHA MENDARA;ESCOLINHA MENDARA;Conjunto Mendara, R. H, 24 - Marambaia, Belém - PA, 66615-680;-1.404777;-48.455479
